name,text
Anya Sharma,"A whimsical soul fascinated by the secret lives of street art, aiming to catalogue every hidden mural in her city; her vibe is quietly observant and deeply curious."
Ben Carter,"An energetic optimist with an interest in competitive cloud-spotting and building furniture from recycled packaging, who dreams of inventing a chair that can hug you back; his vibe is enthusiastically resourceful."
Chloe Kim,"A calm, introspective individual who finds solace in the perfect temperature for tea and the philosophy of napping, aspiring to write the definitive guide to global napping spots; her vibe is serene and comforting."
David Miller,"A bold spirit whose passion lies in communicating with houseplants and designing wearable sculptures from forgotten objects, with the grand goal of teaching a houseplant choir to sing in harmony; his vibe is fearlessly artistic."
Elias Rodriguez,"A mysterious character with an interest in collecting sounds of specific types of rain and studying the migration patterns of dust bunnies, hoping to discover a hidden sonic language in everyday ambient noise; his vibe is quietly enigmatic."
Fiona Gallagher,"A playful enthusiast of competitive sock-matching and convincing pigeons to wear tiny hats, aiming to win the world championship of this niche sport; her vibe is delightfully absurd and joyful."
Gabriel Lee,"A thoughtful observer fascinated by the philosophical implications of traffic light timings and the beauty of peeling paint, whose goal is to create a museum exhibit on the art of urban decay; his vibe is contemplatively insightful."
Hannah Goldberg,"A gentle soul dedicated to mapping historical chewing gum locations and collecting snippets of overheard laughter, aspiring to compile a library of human joy; her vibe is warm and nostalgically curious."
Isaac Chen,"An innovative mind intensely interested in brewing coffee using unconventional heat sources and experimenting with growing plants in static electricity, dreaming of developing sustainable magic; his vibe is experimentally pioneering."
Jasmine Singh,"A vibrant personality who loves documenting the emotional lives of houseplants and curating playlists for specific kitchen tasks, with the goal of creating a global database of plant feelings; her vibe is brightly empathetic."
Kaleb Jones,"A focused individual practicing telekinesis on small pebbles and analyzing the aerodynamics of discarded paper airplanes, aiming to master minor acts of telekinetic flight; his vibe is quietly determined and concentrated."
Liam O'Connell,"An adventurous spirit interested in searching for portals to other dimensions in laundromats and teaching ants to follow obstacle courses, hoping to find the entrance to an ant-sized civilization; his vibe is playfully exploratory."
Mia Garcia,"A creative soul fascinated by designing hats for different types of weather (including existential dread) and inventing sports for zero gravity, with the goal of hosting the first zero-G hat Olympics; her vibe is imaginatively unconventional."
Noah Brown,"A patient listener who collects different types of laughter and learns the language of garden gnomes, aspiring to write a definitive guide to gnome communication; his vibe is calmly persistent and open-minded."
Olivia Davis,"An artistic individual who finds beauty in dumpster diving for forgotten art supplies and building intricate sculptures from dried leaves, with the goal of creating a gallery entirely from rescued materials; her vibe is resourcefully creative."
Parker Kim,"A curious mind predicting the weather based on biscuit crispness and studying the social structures of pigeons, hoping to write a definitive meteorological guide based solely on pastry behavior; his vibe is quirkily analytical."
Quinn Zhang,"A mysterious presence collecting shadows of rare objects and practicing camouflage in urban environments, aiming to become undetectable in plain sight; his vibe is subtly elusive."
Riley Nguyen,"An enthusiastic individual mastering the art of skipping stones on any surface and translating bird songs into human languages, with the goal of mediating international diplomacy through avian communication; his vibe is energetically communicative."
Sophia Lee,"A dreamy soul interested in collecting names for the wind and mapping constellations visible only through specific windows, aspiring to name a newly discovered star after a gentle breeze; her vibe is gently ethereal."
Thomas Wong,"A pragmatic innovator developing new flavors of water and designing furniture for pets with existential crises, whose goal is to make existence slightly more comfortable for everyone, especially animals; his vibe is thoughtfully practical with a twist."
Ursula Schmidt,"A bold personality researching the history of sock puppets and creating music using only household appliances, aiming to stage an epic puppet opera using only kitchen sounds; her vibe is fearlessly theatrical."
Victor Perez,"A focused individual intensely interested in building micro-ecosystems in jam jars and mapping the exact location of 'nowhere', hoping to prove that even 'nowhere' is somewhere; his vibe is intently exploratory."
Wendy Chen,"A joyful soul fascinated by finding faces in everyday objects and inventing a flavor of ice cream that tastes like pure joy, whose goal is to spread happiness one scoop at a time; her vibe is brightly optimistic."
Xavier Patel,"A deep thinker studying the ancient art of cloud-herding and collecting unique smells, aspiring to bottle the scent of pure possibility; his vibe is philosophically sensory."
Yara Hassan,"A gentle spirit interested in practicing empathy with inanimate objects and designing clothing that changes color based on your mood, with the goal of making communication more visually honest; her vibe is softly intuitive."
Zane Lewis,"An unconventional mind negotiating international treaties based on shared interests in obscure hobbies and designing a city powered entirely by laughter, aiming for global peace through shared niche passions; his vibe is strategically eccentric."
Alice Johnson,"A curious explorer of forgotten sounds, interested in the hum of old refrigerators and the sigh of settling houses, aiming to compile an audio library of a city's hidden whispers; her vibe is quietly investigative."
Bob Williams,"An earnest creator who loves building elaborate blanket forts and attempting to communicate with vending machines, with the ambitious goal of winning the world championship of urban blanket fort architecture; his vibe is playfully determined."
Catherine Dubois,"A serene presence fascinated by the different textures of moss and the quiet intensity of a spider spinning a web, whose goal is to cultivate a truly sentient miniature garden; her vibe is calmly contemplative."
Daniel Lee,"A vibrant personality interested in the philosophy of waiting rooms and collecting unique door knock sounds, aspiring to write a symphony based on the rhythms of arrival and anticipation; his vibe is thoughtfully lively."
Eva Martinez,"A bold risk-taker who enjoys skydiving into piles of leaves and teaching garden gnomes advanced parkour, with the goal of establishing the first extreme gnome sports league; her vibe is audaciously playful."
Finn O'Connell,"A quiet observer who studies the way light falls on different surfaces at different times of day and practices the art of undetectable blending into crowds, aiming to become a master of passive camouflage; his vibe is subtly observant."
Grace Kim,"A gentle spirit fascinated by the patterns left by raindrops on windows and the subtle shifts in a cat's purr, whose goal is to invent a universal translator for feline emotions; her vibe is softly empathetic."
Henry Brown,"An energetic inventor constantly sketching designs for impossible machines powered by optimism and static electricity, aspiring to create a perpetual motion machine fueled by pure enthusiasm; his vibe is infectiously innovative."
Isabelle Nguyen,"A dreamy artist who collects the colors of sunrises and sunsets and paints murals that only appear under moonlight, with the goal of creating a global network of hidden nocturnal art; her vibe is luminously imaginative."
Jack Wilson,"A grounded individual interested in the history of manholes and the structural integrity of perfectly stacked rocks, aiming to write a comprehensive guide to the unseen infrastructure of cities; his vibe is reliably curious about the mundane."
Kylie Davis,"A sparkling personality who loves developing new flavors of cloud-shaped candy and designing clothing that mimics atmospheric phenomena, with the goal of opening a dessert shop that serves edible weather; her vibe is brightly inventive."
Leo Garcia,"A thoughtful presence fascinated by the way silence sounds in different environments and the subtle language of blinked messages, aspiring to communicate complex ideas using only the rhythm of eye movements; his vibe is quietly communicative."
Maya Chen,"A determined individual who trains urban squirrels to run obstacle courses and collects data on the optimal angle for skipping stones, aiming to establish the first professional squirrel agility team; her vibe is intently focused and slightly peculiar."
Nathan Wong,"A whimsical soul who searches for forgotten wishes tucked into cracks in the pavement and tries to convince statues to tell him their stories, with the goal of writing a history book based on the perspectives of inanimate objects; his vibe is gently fantastical."
Oliver Lee,"A bold adventurer exploring the deepest parts of public libraries in search of hidden portals and attempting to communicate with the spirits of lost socks, aiming to open a recovery service for garments lost in the laundry dimension; his vibe is fearlessly curious about the unknown."
Penelope Smith,"A calm spirit who finds peace in arranging pebbles by size and color and listening to the distant sound of trains, whose goal is to create a massive land art piece using only natural elements; her vibe is peacefully organized."
Riley Anderson,"A playful character who loves designing tiny hats for insects and teaching earthworms simple dance routines, with the goal of staging an elaborate insect circus; his vibe is cheerfully miniaturist."
Samantha White,"A gentle observer who collects the scents of rain on different types of soil and studies the subtle conversations between trees through their root systems, hoping to develop a translator for botanical communication; her vibe is softly ecological."
Thomas Green,"A pragmatic inventor who designs self-folding laundry machines and experiments with creating clean energy from the static generated by rubbing balloons, with the goal of automating chores using unconventional physics; his vibe is creatively practical."
Ursula Black,"A mysterious figure who maps the routes of nocturnal animals through cities and collects whispers left on the wind, aiming to write a guide to the city's secret, unseen inhabitants; her vibe is darkly curious."
Victor Blue,"An enthusiastic character who trains migratory birds to deliver small, coded messages and designs custom bird feeders that look like tiny castles, with the goal of establishing a global avian postal service; his vibe is energetically avian-focused."
Willow Rivers,"A dreamy soul fascinated by the patterns of water flowing over stones and the way light refracts through dew drops, aspiring to capture the essence of liquid motion in paint; her vibe is fluidly artistic."
Xander Stone,"A bold artist who carves intricate sculptures into fruit peels and creates temporary street art out of dissolved sugar, with the goal of making art that is beautiful but ephemeral; his vibe is daringly temporary."
Yara Khan,"A thoughtful individual who studies the philosophy of waiting and the art of perfect stillness, aspiring to write a meditation guide based on the experiences of being perfectly present; her vibe is calmly introspective."
Zack Adams,"An energetic mind who loves building complex Rube Goldberg machines powered by everyday objects and designing board games based on bureaucratic processes, with the goal of making mundane tasks hilariously complicated; his vibe is chaotically inventive."
Amelia Scott,"A curious soul interested in the history of lost socks and the surprising ecosystems found in forgotten teacups, aiming to open a museum dedicated to the small, overlooked worlds around us; her vibe is gently investigative."
Brandon Taylor,"A focused individual who practices the art of silent communication using only eyebrow movements and studies the subtle differences in sounds made by footsteps on various surfaces, hoping to develop a language of gait; his vibe is intently subtle."
Clara Perez,"A serene presence fascinated by the colors of quiet moments and the feeling of sunlight warming a stone, whose goal is to create a series of paintings capturing the essence of peace; her vibe is peacefully sensory."
Diego Garcia,"A vibrant personality who collects the sounds of different types of laughter and documents the specific pitch of crickets on different nights, aspiring to compose a symphony of nocturnal sounds; his vibe is audibly enthusiastic."
Eleanor Kim,"A bold explorer of forgotten alleyways and collector of discarded wishes written on scraps of paper, with the goal of publishing a book of anonymous urban hopes and dreams; her vibe is fearlessly romantic about the city."
Felix Wong,"A playful individual who designs obstacle courses for snails and attempts to teach earthworms to follow a leash, aiming to establish the first competitive invertebrate racing league; his vibe is lightheartedly persistent."
Georgia Miller,"A gentle spirit fascinated by the way shadows stretch and shrink throughout the day and the subtle communication between trees through their leaves, whose goal is to create an interactive art installation based on shadow play; her vibe is softly dynamic."
Harrison Lee,"An energetic inventor constantly trying to build a machine that can fold fitted sheets perfectly and experimenting with growing plants in unconventional musical environments, with the goal of automating tedious tasks using creative physics; his vibe is chaotically innovative."
Isabella Rodriguez,"A dreamy artist who collects the scents of old books and paints portraits that capture the 'feeling' of a person rather than their likeness, with the goal of opening a gallery for olfactory art; her vibe is sensually imaginative."
Julian Chen,"A grounded individual interested in the structural integrity of antique bridges and the history of specific types of brick, aiming to write a comprehensive guide to the hidden history embedded in architecture; his vibe is reliably detailed."
Kaitlyn Brown,"A sparkling personality who loves creating edible glitter and designing clothing that changes texture based on the wearer's mood, with the goal of making the world a more tactile and visually expressive place; her vibe is brightly experiential."
Lucas Nguyen,"A thoughtful presence fascinated by the concept of 'negative space' in conversations and the subtle language of hand gestures, aspiring to develop a universal non-verbal communication system; his vibe is quietly communicative about silence."
Maria Davis,"A determined individual who trains stray cats to perform synchronized swimming and collects data on the optimal density of fog for mysterious entrances, aiming to establish the first feline aquatic performance troop; her vibe is intently focused on improbable animal acts."
Noah Garcia,"A whimsical soul who searches for forgotten wishes tucked into cracks in the pavement and tries to convince statues to tell him their stories, with the goal of writing a history book based on the perspectives of inanimate objects; his vibe is gently fantastical."
Oliver Lee,"A bold adventurer exploring the deepest parts of public libraries in search of hidden portals and attempting to communicate with the spirits of lost socks, aiming to open a recovery service for garments lost in the laundry dimension; his vibe is fearlessly curious about the unknown."
Penelope Smith,"A calm spirit who finds peace in arranging pebbles by size and color and listening to the distant sound of trains, whose goal is to create a massive land art piece using only natural elements; her vibe is peacefully organized."
Quentin Baker,"An intense individual fascinated by the mathematics of spiderweb construction and the surprising strength of a single strand of silk, aspiring to build a wearable suit of armor woven by spiders; his vibe is intensely focused on overlooked details."
Riley Anderson,"A playful character who loves designing tiny hats for insects and teaching earthworms simple dance routines, with the goal of staging an elaborate insect circus; his vibe is cheerfully miniaturist."
Samantha White,"A gentle observer who collects the scents of rain on different types of soil and studies the subtle conversations between trees through their root systems, hoping to develop a translator for botanical communication; her vibe is softly ecological."
Thomas Green,"A pragmatic inventor who designs self-folding laundry machines and experiments with creating clean energy from the static generated by rubbing balloons, with the goal of automating chores using unconventional physics; his vibe is creatively practical."
Ursula Black,"A mysterious figure who maps the routes of nocturnal animals through cities and collects whispers left on the wind, aiming to write a guide to the city's secret, unseen inhabitants; her vibe is darkly curious."
Victor Blue,"An enthusiastic character who trains migratory birds to deliver small, coded messages and designs custom bird feeders that look like tiny castles, with the goal of establishing a global avian postal service; his vibe is energetically avian-focused."
Willow Rivers,"A dreamy soul fascinated by the patterns of water flowing over stones and the way light refracts through dew drops, aspiring to capture the essence of liquid motion in paint; her vibe is fluidly artistic."
Xander Stone,"A bold artist who carves intricate sculptures into fruit peels and creates temporary street art out of dissolved sugar, with the goal of making art that is beautiful but ephemeral; his vibe is daringly temporary."
Yara Khan,"A thoughtful individual who studies the philosophy of waiting and the art of perfect stillness, aspiring to write a meditation guide based on the experiences of being perfectly present; her vibe is calmly introspective."
Zack Adams,"An energetic mind who loves building complex Rube Goldberg machines powered by everyday objects and designing board games based on bureaucratic processes, with the goal of making mundane tasks hilariously complicated; his vibe is chaotically inventive."
Aaron Kim,"A quiet enthusiast for mapping the shortest routes between any two points in a city on foot and collecting photographs of mismatched socks found in public places, aiming to publish a photographic atlas of lost hosiery; his vibe is subtly methodical."
Bethany Garcia,"A joyful spirit interested in the science of perfect toast browning and creating edible arrangements that tell stories, whose goal is to open a bakery that sells narrative pastries; her vibe is brightly culinary."
Caleb Nguyen,"A focused individual practicing balancing objects on his nose for increasingly long periods and studying the structural integrity of different types of bubbles, hoping to perform a one-man show entirely based on balancing acts; his vibe is intently poised."
Diana Davis,"A serene presence who finds beauty in the geometry of spider webs and the way sunlight catches dust motes, whose goal is to create large-scale art installations using only light and shadow; her vibe is peacefully geometric."
Ethan Wong,"An unconventional mind fascinated by the social dynamics of queues and the secret lives of shopping carts, aiming to write a sociological study of retail transportation; his vibe is quirkily observational."
Felicity Lee,"A whimsical soul who talks to her plants and believes they talk back, interested in teaching them simple phrases, with the goal of forming the world's first conversational plant choir; her vibe is gently conversational."
George Miller,"A pragmatic inventor designing devices to sort laundry by color and texture automatically and experimenting with creating electricity from the vibrations of busy streets, aiming to power homes with urban energy; his vibe is cleverly practical."
Heather Brown,"A mysterious character who collects whispers left on park benches and maps the locations of hidden street art that disappears quickly, hoping to document the city's fleeting artistic impulses; her vibe is subtly archival."
Ivan Rodriguez,"An energetic enthusiast of competitive staring contests with animals and building miniature replicas of famous landmarks out of unexpected materials like cheese or dryer lint, aiming to win a world record for staring down a squirrel; his vibe is intensely playful."
Jessica Chen,"A thoughtful presence fascinated by the sound of different types of paper being crumpled and the philosophy of folding, aspiring to create intricate origami sculptures that tell philosophical stories; her vibe is calmly tactile."
Kevin Singh,"A bold adventurer who explores drainpipes in search of forgotten treasures and attempts to train sewer rats for underground delivery services, with the goal of establishing a sub-street postal system; his vibe is fearlessly subterranean."
Lily Johnson,"A gentle spirit interested in the emotional resonance of different colors and the way light changes the mood of a room, whose goal is to design spaces that evoke specific feelings purely through light and color; her vibe is softly atmospheric."
Matthew Taylor,"A focused individual studying the perfect bounce of a thrown pebble and the trajectory of falling leaves, aiming to predict where any leaf will land with 100% accuracy; his vibe is intently predictive."
Nora White,"A sparkling personality who loves inventing new flavors of rain-flavored popsicles and designing umbrellas that create miniature rainbows, with the goal of making rainy days taste and look delightful; her vibe is brightly meteorological."
Oscar Green,"A pragmatic mind designing compost systems that can talk to you and experimenting with growing vegetables that sing when they're ready to be harvested, aiming for a more communicative form of agriculture; his vibe is creatively green-thumbed."
Piper Anderson,"A whimsical soul who searches for four-leaf clovers in the most unlikely places and collects coincidences, with the goal of writing a book that proves the universe has a sense of humor; her vibe is gently serendipitous."
Quincy Kim,"A mysterious figure who maps the locations of perfectly round pebbles and collects fragments of forgotten melodies hummed by strangers, hoping to reconstruct a forgotten folk song from collective memory; his vibe is subtly auditory."
Ryan Lee,"An enthusiastic character who trains urban birds to perform synchronized flying routines and designs bespoke bird feeders that look like tiny cafes, with the goal of staging aerial ballets; his vibe is energetically avian."
Sarah Brown,"A calm spirit who finds peace in sorting buttons by size and type and listening to the quiet hum of antique clocks, whose goal is to open a repair shop for forgotten timepieces; her vibe is peacefully methodical."
Tyler Nguyen,"A bold artist who creates temporary sculptures out of melting ice and paints murals that are only visible under UV light, with the goal of making art that interacts with time and light; his vibe is daringly ephemeral."
Uma Patel,"A thoughtful individual who studies the philosophy of dust and the movement of cobwebs, aspiring to write a book on the hidden beauty and complexity of overlooked household elements; her vibe is contemplatively domestic."
Vincent Dubois,"An unconventional mind fascinated by the bureaucracy of ant colonies and the social structure of vending machines, aiming to create a simulated society based on ant and machine logic; his vibe is quirkily sociological."
Willow Scott,"A dreamy soul who collects the feelings left behind in abandoned places and photographs the way light falls on emptiness, aspiring to create a photography series that captures the emotion of absence; her vibe is gently melancholic."
Xavier White,"A focused individual practicing the art of standing perfectly still for hours and studying the subtle movements of air currents, hoping to achieve perfect personal invisibility through stillness; his vibe is intently motionless."
Yasmine Hassan,"A joyful personality who loves creating edible paint and designing clothing you can eat, with the goal of making fashion and food deliciously interchangeable; her vibe is brightly palatable."
Zack Garcia,"A pragmatic inventor who designs backpacks that pack themselves and experiments with creating energy from walking, aiming to make personal transportation self-sufficient and clutter-free; his vibe is cleverly portable."
Amber Miller,"A curious soul interested in the secret history of park benches and the types of forgotten items left behind in public spaces, aiming to open a museum of lost and found stories; her vibe is gently archival."
Blake Chen,"An energetic enthusiast of competitive paper airplane throwing (for distance and accuracy) and designing elaborate paper contraptions, aiming to win the world championship of paper aviation; his vibe is enthusiastically aerodynamic."
Carly Kim,"A serene presence fascinated by the subtle sounds of plants growing and the quiet conversation of wind chimes, whose goal is to create a garden designed purely for its soothing sounds; her vibe is peacefully auditory."
Drew Davis,"A bold spirit whose passion lies in collecting abandoned musical instruments and designing new ones from found objects, with the grand goal of forming an orchestra of repurposed sounds; his vibe is fearlessly improvisational."
Elena Rodriguez,"A mysterious character with an interest in mapping the locations of all the city's stray cats and learning their individual meow dialects, hoping to create a comprehensive cat-language dictionary; her vibe is quietly feline-focused."
Frank Wong,"A playful individual who loves inventing new games using only pebbles and sticks and teaching pigeons to play tic-tac-toe, aiming to establish the first interspecies street games league; his vibe is lightheartedly competitive."
Gabriella Lee,"A thoughtful observer fascinated by the philosophy of forgotten objects and the stories held within them, whose goal is to write biographies of inanimate objects; her vibe is contemplatively object-oriented."
Henry Brown,"A gentle soul dedicated to collecting different types of tree bark and studying the patterns of moss growth, aspiring to create a textile based on the textures of nature; his vibe is softly textural."
Ivy Nguyen,"An innovative mind intensely interested in brewing tea using moonlight and experimenting with growing glowing plants, dreaming of creating a nocturnal bioluminescent garden; her vibe is experimentally nocturnal."
Jason Singh,"A vibrant personality who loves documenting the way people laugh in different situations and curating playlists of sounds that evoke specific memories, with the goal of creating an archive of human emotional soundscapes; his vibe is brightly resonant."
Kyle Johnson,"A focused individual practicing the art of perfect stone skipping on any liquid surface (puddles, tea, etc.) and analyzing the ripple effects, aiming to skip a stone across an entire lake; his vibe is intently hydrological."
Lauren Taylor,"An adventurous spirit interested in searching for hidden messages in graffiti tags and exploring abandoned subway tunnels, hoping to discover forgotten urban legends; her vibe is playfully subterranean."
Michael White,"A creative soul fascinated by designing clothing that changes color based on the local air pollution levels and inventing new flavors of edible fog, with the goal of making environmental awareness a sensory experience; his vibe is imaginatively ecological."
Natalie Green,"A patient listener who collects the sounds of different doors closing and learns the specific squeaks of individual floorboards, aspiring to compose a piece of music entirely from household sounds; her vibe is calmly domestic-auditory."
Owen Anderson,"An artistic individual who finds beauty in discarded cardboard boxes and building temporary structures in public parks, with the goal of creating transient architectural interventions; his vibe is resourcefully ephemeral."
Paige Kim,"A curious mind predicting traffic flow based on the collective mood of pedestrians and studying the social structures of traffic cones, hoping to write a predictive model for urban movement based on non-human cues; her vibe is quirkily logistical."
Quentin Rodriguez,"A mysterious presence collecting the scent of rain on different types of pavement and practicing the art of disappearing into reflections, aiming to become a master of visual elusiveness; his vibe is subtly atmospheric."
Rachel Lee,"An enthusiastic individual mastering the art of balancing multiple spoons on her nose and translating the 'language' of crackling fires, with the goal of performing a fire-language interpretation show; her vibe is energetically interpretative."
Samuel Brown,"A dreamy soul interested in collecting the colors of dreams and mapping constellations visible only through cracks in ceilings, aspiring to paint murals that capture the essence of the subconscious; his vibe is gently subconscious."
Tara Nguyen,"A pragmatic innovator developing new uses for dryer lint and designing furniture for plants that need emotional support, whose goal is to make household waste useful and give plants a better life; her vibe is thoughtfully repurposing."
Ethan Carter,"A quiet enthusiast for mapping the routes of local delivery trucks and collecting discarded manifests, aiming to document the hidden arteries of commerce; his vibe is subtly logistical."
Chloe Miller,"A joyful spirit interested in the perfect consistency of mashed potatoes and creating edible sculptures of historical events, whose goal is to open a culinary museum; her vibe is brightly historical-culinary."
Liam Kim,"A focused individual practicing the art of silent communication through elaborate hand gestures and studying the subtle differences in how different types of paper fold, hoping to invent a new, silent form of debate; his vibe is intently gestural."
Sophia Davis,"A serene presence who finds beauty in the way sunlight diffuses through leaves and the quiet sound of a wilting flower, whose goal is to create art that reflects the transient beauty of nature; her vibe is peacefully botanical."
Noah Garcia,"An unconventional mind fascinated by the secret lives of garden gnomes and the politics of bird feeders, aiming to write a mock-ethnography of backyard ecosystems; his vibe is quirkily observational."
Olivia Wong,"A whimsical soul who talks to her refrigerator and believes it gives her life advice, interested in teaching it witty retorts, with the goal of creating a stand-up comedy routine with a household appliance; her vibe is gently appliance-conversational."
Parker Lee,"A pragmatic inventor designing devices to fold fitted sheets and experimenting with creating electricity from the collective sighs of commuters, aiming to power public transport with shared frustration; his vibe is cleverly emotional-energy."
Quinn Brown,"A mysterious character who collects the scent of forgotten memories and maps the locations of places where time feels different, hoping to open a travel agency for psychological journeys; his vibe is subtly mnemonic."
Riley Rodriguez,"An energetic enthusiast of competitive thumb wrestling with strangers and building miniature amusement parks out of office supplies, aiming to win the world championship of thumb wrestling; his vibe is intensely competitive-miniature."
Samantha Chen,"A thoughtful presence fascinated by the sound of different types of footsteps on different surfaces and the philosophy of walking, aspiring to write a philosophical guide based on pedestrian movement; her vibe is calmly peripatetic."
Thomas Singh,"A bold adventurer who explores the hidden spaces beneath park benches in search of forgotten change and attempts to train squirrels to retrieve dropped items, with the goal of establishing a small-scale urban retrieval service; his vibe is fearlessly scavenger-focused."
Ursula Johnson,"A gentle spirit interested in the emotional resonance of different musical key signatures and the way light changes the feel of a melody, whose goal is to compose music that visually manifests its mood; her vibe is softly synaesthetic."
Victor Taylor,"A focused individual studying the perfect bounce of a crumpled paper ball and the trajectory of tossed coins, aiming to predict the outcome of any coin toss with 100% accuracy; his vibe is intently probabilistic."
Wendy White,"A sparkling personality who loves inventing new flavors of star-shaped candy and designing clothing that twinkles like constellations, with the goal of making the night sky edible and wearable; her vibe is brightly celestial."
Xavier Green,"A pragmatic mind designing self-watering plants that apologize when they're thirsty and experimenting with creating energy from the sound of laughter, aiming for a more polite and joyful form of power; his vibe is creatively courteous-energy."
Yara Anderson,"A whimsical soul who searches for lost dreams in dusty attics and collects fragments of forgotten lullabies, with the goal of writing a book that compiles the world's lost comforts; her vibe is gently nostalgic."
Zane Kim,"A mysterious figure who maps the locations of unusual shadows and collects echoes of conversations that happened long ago, hoping to piece together a sonic history of forgotten moments; his vibe is subtly echoic."
Adam Garcia,"An energetic character who trains urban birds to deliver tiny love letters and designs bespoke birdhouses that look like tiny post offices, with the goal of establishing a romantic avian postal service; his vibe is energetically affectionate-avian."
Bella Nguyen,"A calm spirit who finds peace in sorting seashells by size and sound and listening to the quiet rhythm of tides, whose goal is to open a shop that sells silence and the sound of the sea; her vibe is peacefully coastal-auditory."
Caleb Davis,"A bold artist who creates temporary sculptures out of soap bubbles and paints murals that are only visible when it rains, with the goal of making art that interacts with ephemeral natural phenomena; his vibe is daringly weather-dependent."
Daisy Wong,"A thoughtful individual who studies the philosophy of waiting in line and the movement of crowds, aspiring to write a sociological guide to collective stillness and motion; her vibe is contemplatively queues-and-crowds."
Ethan Lee,"An unconventional mind fascinated by the bureaucracy of vending machines and the social structure of bus stops, aiming to create a simulated society based on public transit logic; his vibe is quirkily transit-sociological."
Fiona Brown,"A whimsical soul who talks to her houseplants and believes they gossip about the neighbors, interested in teaching them local rumors, with the goal of creating a botanical gossip network; her vibe is gently plant-gossipy."
George Rodriguez,"A pragmatic inventor designing devices to iron clothes using magnetism and experimenting with creating electricity from the collective sighs of overworked office workers, aiming to power office buildings with shared exhaustion; his vibe is cleverly emotional-energy-harnessing."
Hannah Chen,"A mysterious character who collects the scent of forgotten holidays and maps the locations of places where time seems to stand still, hoping to open a time-bending travel agency; her vibe is subtly temporal."
Isaac Singh,"An energetic enthusiast of competitive staring contests with inanimate objects and building miniature replicas of abstract concepts out of unexpected materials like lint or dried paint, aiming to win a world record for staring down a stapler; his vibe is intensely competitive-abstract."
Jasmine Johnson,"A thoughtful presence fascinated by the sound of different types of footsteps on different types of emotional states and the philosophy of standing still, aspiring to write a philosophical guide based on emotional movement and stillness; her vibe is calmly emotional-peripatetic."
Kevin Taylor,"A bold adventurer who explores the hidden spaces beneath library tables in search of forgotten snacks and attempts to train bookworms to act as tiny information retrieval specialists, with the goal of establishing a micro-library research service; his vibe is fearlessly snack-and-bookworm-focused."
Lily White,"A gentle spirit interested in the emotional resonance of different tea blends and the way light changes the feel of a comforting drink, whose goal is to design tea experiences that evoke specific feelings purely through taste and ambiance; her vibe is softly comforting-sensory."
Matthew Green,"A focused individual studying the perfect bounce of a dropped biscuit and the trajectory of spilled coffee, aiming to predict where any dropped pastry will land with 100% accuracy; his vibe is intently crumb-predictive."
Nora Anderson,"A sparkling personality who loves inventing new flavors of edible glitter that taste like different emotions and designing clothing that shimmers with projected feelings, with the goal of making internal states externally visible and delicious; her vibe is brightly emotional-sensory."
Oscar Kim,"A pragmatic mind designing self-tidying rooms that scold you when you make a mess and experimenting with creating clean energy from the static generated by enthusiastic high-fives, aiming for a more polite and positive form of power; his vibe is creatively courteous-positive-energy."
Piper Lee,"A whimsical soul who searches for lost laughter in empty rooms and collects fragments of forgotten jokes, with the goal of writing a book that compiles the world's lost humor; her vibe is gently jocular."
Quincy Brown,"A mysterious figure who maps the locations of unusual smells in urban environments and collects echoes of arguments that happened long ago, hoping to piece together a sonic history of urban tension; his vibe is subtly olfactory-echoic."
Ryan Rodriguez,"An energetic character who trains urban squirrels to perform synchronized acorn-burying routines and designs bespoke squirrel feeders that look like tiny banks, with the goal of establishing a squirrel-powered financial system; his vibe is energetically economic-squirrel."
Sarah Chen,"A calm spirit who finds peace in sorting buttons by color and type and listening to the quiet hum of old refrigerators, whose goal is to open a repair shop for forgotten appliances; her vibe is peacefully domestic-mechanical."
Tyler Singh,"A bold artist who creates temporary sculptures out of discarded chewing gum and paints murals that are only visible under specific city lights, with the goal of making art that interacts with overlooked urban details; his vibe is daringly urban-ephemeral."
Uma Johnson,"A thoughtful individual who studies the philosophy of cracks in the pavement and the movement of urban weeds, aspiring to write a book on the hidden resilience and beauty of city life; her vibe is contemplatively urban-resilient."
Vincent Taylor,"An unconventional mind fascinated by the bureaucracy of pigeon flocks and the social structure of park benches, aiming to create a simulated society based on bird and furniture logic; his vibe is quirkily urban-sociological."
Willow White,"A dreamy soul who collects the feelings left behind in abandoned parks and photographs the way sunlight falls on empty swings, aspiring to create a photography series that captures the emotion of playful absence; her vibe is gently melancholic-playful."
Xavier Green,"A focused individual practicing the art of standing perfectly still in busy crowds for hours and studying the subtle movements of individual snowflakes, hoping to achieve perfect personal invisibility through stillness and observation; his vibe is intently motionless-observational."
Yasmine Anderson,"A joyful personality who loves creating edible bubble wrap and designing clothing that pops when you move, with the goal of making existence a more tactile and audibly satisfying experience; her vibe is brightly tactile-auditory."
Zack Kim,"A pragmatic inventor who designs self-opening doors that compliment your outfit and experiments with creating energy from the sound of appreciative sighs, aiming for a more polite and positive form of entrance power; his vibe is creatively courteous-positive-entrance."
Aaron Davis,"A curious soul interested in the secret history of lost keys and the surprising ecosystems found in forgotten pockets, aiming to open a museum dedicated to the small, misplaced worlds around us; his vibe is gently investigative-pocket."
Bethany Wong,"An energetic enthusiast of competitive staring contests with pets and building miniature replicas of famous pet houses out of unexpected materials like pet hair or discarded toys, aiming to win a world record for staring down a cat; his vibe is intensely competitive-pet."
Caleb Lee,"A focused individual practicing the art of silent communication through elaborate eyebrow movements and studying the subtle differences in how different types of fabrics rustle, hoping to invent a new, silent form of textile communication; his vibe is intently fabric-auditory."
Diana Brown,"A serene presence who finds beauty in the geometry of dew drops on a spider web and the way moonlight catches sleeping animals, whose goal is to create large-scale art installations using only natural light and sleeping forms; her vibe is peacefully nocturnal-geometric."
Ethan Rodriguez,"An unconventional mind fascinated by the social dynamics of waiting rooms and the secret lives of potted plants in public spaces, aiming to write a sociological study of static public environments; his vibe is quirkily static-sociological."
Felicity Chen,"A whimsical soul who talks to her refrigerator and believes it gives her cooking advice, interested in teaching it recipes, with the goal of creating a recipe-generating household appliance; her vibe is gently appliance-culinary."
George Singh,"A pragmatic inventor designing devices to fold fitted towels using magnetism and experimenting with creating electricity from the collective groans of people waking up, aiming to power alarm clocks with shared reluctance; his vibe is cleverly emotional-energy-reluctance."
Heather Johnson,"A mysterious character who collects the scent of forgotten birthdays and maps the locations of places where time seems to speed up, hoping to open a time-bending party planning service; her vibe is subtly temporal-celebratory."
Ivan Taylor,"An energetic enthusiast of competitive rock-paper-scissors with strangers and building miniature replicas of abstract concepts out of unexpected materials like dried tears or whispered secrets, aiming to win a world record for rock-paper-scissors with a statue; his vibe is intensely competitive-abstract-emotional."
Jessica White,"A thoughtful presence fascinated by the sound of different types of wind chimes in different breezes and the philosophy of gentle swaying, aspiring to write a philosophical guide based on the movement of air; her vibe is calmly atmospheric-peripatetic."
Kevin Green,"A bold adventurer who explores the hidden spaces beneath vending machines in search of forgotten snacks and attempts to train dust bunnies to retrieve dropped items, with the goal of establishing a micro-scale dust bunny retrieval service; his vibe is fearlessly snack-and-dust-bunny-focused."
Lily Anderson,"A gentle spirit interested in the emotional resonance of different types of hugs and the way light changes the feel of a comforting embrace, whose goal is to design furniture that provides the perfect hug; her vibe is softly comforting-tactile."
Matthew Kim,"A focused individual studying the perfect trajectory of a bounced check and the pattern of fallen dreams, aiming to predict the outcome of any financial risk with 100% accuracy; his vibe is intently probabilistic-financial."
Nora Lee,"A sparkling personality who loves inventing new flavors of edible sunlight and designing clothing that glows with captured light, with the goal of making sunny days taste and look delightful at night; her vibe is brightly solar-sensory."
Oscar Brown,"A pragmatic mind designing self-organizing sock drawers that scold you when you misplace a sock and experimenting with creating clean energy from the static generated by misplaced items, aiming for a more organized and slightly judgmental form of power; his vibe is creatively courteous-negative-energy."
Piper Rodriguez,"A whimsical soul who searches for lost smiles in crowded rooms and collects fragments of forgotten jokes, with the goal of writing a book that compiles the world's lost moments of levity; her vibe is gently jocular-social."
Quincy Chen,"A mysterious figure who maps the locations of unusual textures in urban environments and collects echoes of footsteps that happened long ago, hoping to piece together a tactile history of urban movement; his vibe is subtly tactile-echoic."
Ryan Singh,"An energetic character who trains urban pigeons to perform synchronized nesting routines and designs bespoke pigeon feeders that look like tiny apartment buildings, with the goal of establishing a pigeon-powered housing system; his vibe is energetically economic-pigeon."
Sarah Johnson,"A calm spirit who finds peace in sorting laundry by color and texture and listening to the quiet hum of washing machines, whose goal is to open a repair shop for forgotten laundry appliances; her vibe is peacefully domestic-textile."
Tyler Taylor,"A bold artist who creates temporary sculptures out of melted ice cream and paints murals that are only visible during a specific weather event (like a sudden downpour), with the goal of making art that interacts with specific meteorological conditions; his vibe is daringly weather-ephemeral."
Uma White,"A thoughtful individual who studies the philosophy of tangled headphone cords and the movement of loose change in pockets, aspiring to write a book on the hidden order and chaos of everyday items; her vibe is contemplatively mundane-chaos."
Vincent Green,"An unconventional mind fascinated by the bureaucracy of stray cat colonies and the social structure of discarded furniture, aiming to create a simulated society based on feline and discarded object logic; his vibe is quirkily urban-sociological."
Willow Anderson,"A dreamy soul who collects the feelings left behind in abandoned amusement parks and photographs the way sunlight falls on empty rides, aspiring to create a photography series that captures the emotion of faded joy; her vibe is gently melancholic-joyful."
Xavier Kim,"A focused individual practicing the art of standing perfectly still in nature for hours and studying the subtle movements of leaves in the wind, hoping to achieve perfect personal invisibility through stillness and natural observation; his vibe is intently motionless-natural."
Yasmine Lee,"A joyful personality who loves creating edible paint that tastes like different sounds and designing clothing that makes music when you move, with the goal of making existence a more tactile and audibly delicious experience; her vibe is brightly tactile-auditory-culinary."
Zack Brown,"A pragmatic inventor who designs self-ordering pizza boxes that predict your cravings and experiments with creating energy from the sound of satisfied sighs, aiming for a more convenient and positive form of culinary power; his vibe is creatively courteous-positive-culinary."
Aaron Rodriguez,"A curious soul interested in the secret history of vending machine snacks and the surprising ecosystems found in forgotten car cupholders, aiming to open a museum dedicated to the small, mobile worlds around us; his vibe is gently investigative-vehicle."
Bethany Chen,"An energetic enthusiast of competitive bubble blowing with intricate shapes and building miniature replicas of famous bubbles out of unexpected materials like soap residue or exhaled breath, aiming to win a world record for the most complex bubble shape; his vibe is intensely competitive-bubble."
Caleb Singh,"A focused individual practicing the art of silent communication through elaborate finger tapping patterns and studying the subtle differences in how different types of water sound when dripped, hoping to invent a new, silent form of liquid communication; his vibe is intently liquid-auditory."
Diana Johnson,"A serene presence who finds beauty in the geometry of snowflakes and the way moonlight catches frozen surfaces, whose goal is to create large-scale art installations using only natural ice and moonlight; her vibe is peacefully frozen-geometric."
Ethan Taylor,"An unconventional mind fascinated by the social dynamics of laundromat patrons and the secret lives of washing machines, aiming to write a sociological study of communal cleaning spaces; his vibe is quirkily laundromat-sociological."
Felicity White,"A whimsical soul who talks to her car and believes it understands her emotions, interested in teaching it to navigate based on feelings, with the goal of creating an emotionally intelligent vehicle; her vibe is gently vehicle-conversational."
George Green,"A pragmatic inventor designing devices to vacuum floors using static cling and experimenting with creating electricity from the collective groans of people stuck in traffic, aiming to power public transport with shared annoyance; his vibe is cleverly emotional-energy-annoyance."
Heather Anderson,"A mysterious character who collects the scent of forgotten journeys and maps the locations of places where time seems to slow down, hoping to open a time-bending travel agency for reflective trips; his vibe is subtly temporal-reflective."
Ivan Kim,"An energetic enthusiast of competitive hide-and-seek in public spaces and building miniature replicas of impossible hiding spots out of unexpected materials like camouflage netting or whispered secrets, aiming to win a world championship of urban hide-and-seek; his vibe is intensely competitive-hidden."
Jessica Lee,"A thoughtful presence fascinated by the sound of different types of paper being folded and the philosophy of creases, aspiring to create intricate paper sculptures that tell philosophical stories about transformation; her vibe is calmly paper-tactile."
Kevin Brown,"A bold adventurer who explores the hidden spaces beneath library shelves in search of forgotten notes and attempts to train silverfish to act as tiny information archivists, with the goal of establishing a micro-library preservation service; his vibe is fearlessly note-and-silverfish-focused."
Lily Rodriguez,"A gentle spirit interested in the emotional resonance of different types of tea and the way light changes the feel of a warming mug, whose goal is to design tea experiences that evoke specific feelings purely through taste and warmth; her vibe is softly comforting-sensory-culinary."
Matthew Chen,"A focused individual studying the perfect trajectory of a kicked soda can and the pattern of discarded wrappers, aiming to predict the path of any urban debris with 100% accuracy; his vibe is intently urban-debris-predictive."
Nora Singh,"A sparkling personality who loves inventing new flavors of edible rain and designing clothing that changes texture based on the humidity, with the goal of making weather a multi-sensory experience; her vibe is brightly meteorological-sensory."
Oscar Johnson,"A pragmatic mind designing self-sorting trash cans that thank you when you dispose of waste and experimenting with creating clean energy from the static generated by conscientious recycling, aiming for a more polite and positive form of waste management power; his vibe is creatively courteous-positive-waste."
Piper Taylor,"A whimsical soul who searches for lost inspiration in forgotten notebooks and collects fragments of discarded ideas, with the goal of writing a book that compiles the world's lost creative sparks; her vibe is gently creative-loss."
Quincy White,"A mysterious figure who maps the locations of unusual sounds in natural environments and collects echoes of conversations that happened in forests long ago, hoping to piece together a sonic history of wilderness interactions; his vibe is subtly natural-echoic."
Ryan Green,"An energetic character who trains urban squirrels to perform synchronized nut-cracking routines and designs bespoke squirrel feeders that look like tiny nut processing plants, with the goal of establishing a squirrel-powered food production system; his vibe is energetically economic-nut-squirrel."
Sarah Anderson,"A calm spirit who finds peace in sorting buttons by size and color and listening to the quiet hum of old computers, whose goal is to open a repair shop for forgotten electronics; her vibe is peacefully domestic-electronic."
Tyler Kim,"A bold artist who creates temporary sculptures out of sandcastles during low tide and paints murals that are only visible when wet, with the goal of making art that interacts with the rhythms of the sea; his vibe is daringly coastal-ephemeral."
Uma Lee,"A thoughtful individual who studies the philosophy of untangled string and the movement of loose threads on clothing, aspiring to write a book on the hidden order and chaos of fibrous materials; her vibe is contemplatively textile-chaos."
Vincent Brown,"An unconventional mind fascinated by the bureaucracy of duck flocks and the social structure of park fountains, aiming to create a simulated society based on avian and water feature logic; his vibe is quirkily urban-sociological-avian."
Willow Rodriguez,"A dreamy soul who collects the feelings left behind in abandoned playgrounds and photographs the way sunlight falls on empty swings, aspiring to create a photography series that captures the emotion of faded childhood; her vibe is gently melancholic-childhood."
Xavier Chen,"A focused individual practicing the art of standing perfectly still in crowded rooms for hours and studying the subtle movements of individual dust motes, hoping to achieve perfect personal invisibility through stillness and microscopic observation; his vibe is intently motionless-microscopic."
Yasmine Singh,"A joyful personality who loves creating edible bubble solution that tastes like different fruits and designing clothing that makes popping sounds when you move, with the goal of making existence a more tactile and audibly delicious experience; her vibe is brightly tactile-auditory-culinary-fruity."
Zack Johnson,"A pragmatic inventor who designs self-heating coffee mugs that sense your mood and experiments with creating energy from the sound of contented sighs, aiming for a more convenient and positive form of beverage power; his vibe is creatively courteous-positive-beverage."
Aaron Taylor,"A curious soul interested in the secret history of lost pens and the surprising ecosystems found in forgotten backpack pockets, aiming to open a museum dedicated to the small, portable, and written-off worlds around us; his vibe is gently investigative-writing-implement."
Bethany White,"An energetic enthusiast of competitive bubble blowing with intricate shapes and building miniature replicas of famous bubbles out of unexpected materials like dried spit or exhaled carbon dioxide, aiming to win a world record for the most chemically complex bubble; his vibe is intensely competitive-bubble-chemical."
Caleb Green,"A focused individual practicing the art of silent communication through elaborate foot tapping patterns and studying the subtle differences in how different types of sand sound when stepped on, hoping to invent a new, silent form of granular communication; his vibe is intently granular-auditory."
Diana Anderson,"A serene presence who finds beauty in the geometry of snowflakes and the way moonlight catches frozen tears, whose goal is to create large-scale art installations using only natural ice and captured emotion; her vibe is peacefully frozen-emotional."
Ethan Kim,"An unconventional mind fascinated by the social dynamics of shared workspaces and the secret lives of office plants, aiming to write a sociological study of collaborative static environments; his vibe is quirkily office-sociological."
Felicity Lee,"A whimsical soul who talks to her car and believes it tells her secrets about the road ahead, interested in teaching it navigational intuition, with the goal of creating an intuitively navigating vehicle; her vibe is gently vehicle-intuitive."
George Brown,"A pragmatic inventor designing devices to fold fitted towels using static electricity and experimenting with creating electricity from the collective groans of people waiting in line, aiming to power public services with shared impatience; his vibe is cleverly emotional-energy-impatience."
Heather Rodriguez,"A mysterious character who collects the scent of forgotten dreams and maps the locations of places where time seems to warp, hoping to open a time-bending travel agency for surreal trips; his vibe is subtly temporal-surreal."
Ivan Chen,"An energetic enthusiast of competitive rock-paper-scissors with statues and building miniature replicas of abstract concepts out of unexpected materials like dried hopes or whispered fears, aiming to win a world record for rock-paper-scissors with the Lincoln Memorial; his vibe is intensely competitive-abstract-political."
Jessica Singh,"A thoughtful presence fascinated by the sound of different types of rain falling on different surfaces and the philosophy of puddles, aspiring to write a philosophical guide based on the movement of water; her vibe is calmly hydrological-peripatetic."
Kevin Johnson,"A bold adventurer who explores the hidden spaces beneath park statues in search of forgotten coins and attempts to train pigeons to retrieve dropped items, with the goal of establishing a micro-scale urban retrieval service powered by pigeons; his vibe is fearlessly scavenger-focused-avian."
Lily Taylor,"A gentle spirit interested in the emotional resonance of different types of blankets and the way light changes the feel of a comforting wrap, whose goal is to design furniture that provides the perfect sense of security; her vibe is softly comforting-tactile-textile."
Matthew White,"A focused individual studying the perfect trajectory of a bounced rubber band and the pattern of stretched time, aiming to predict the outcome of any elastic snap with 100% accuracy; his vibe is intently probabilistic-elastic."
Nora Green,"A sparkling personality who loves inventing new flavors of edible clouds and designing clothing that shifts in color like the sky, with the goal of making weather a delicious and wearable experience; her vibe is brightly meteorological-sensory-culinary."
Oscar Anderson,"A pragmatic mind designing self-sorting recycling bins that thank you when you recycle correctly and experimenting with creating clean energy from the static generated by environmental goodwill, aiming for a more polite and positive form of green power; his vibe is creatively courteous-positive-environmental."
Piper Kim,"A whimsical soul who searches for lost moments of joy in forgotten photographs and collects fragments of discarded smiles, with the goal of writing a book that compiles the world's lost happiness; her vibe is gently joyful-loss."
Quincy Lee,"A mysterious figure who maps the locations of unusual textures in natural environments and collects echoes of laughter that happened in forests long ago, hoping to piece together a tactile and sonic history of wilderness emotions; his vibe is subtly natural-echoic-emotional."
Ryan Brown,"An energetic character who trains urban squirrels to perform synchronized tightrope walking routines on power lines and designs bespoke squirrel feeders that look like tiny circuses, with the goal of establishing a squirrel-powered entertainment system; his vibe is energetically entertainment-squirrel."
Sarah Rodriguez,"A calm spirit who finds peace in sorting pebbles by size and sound and listening to the quiet hum of distant conversations, whose goal is to open a shop that sells silence and the sound of gentle human interaction; her vibe is peacefully social-auditory."
Tyler Chen,"A bold artist who creates temporary sculptures out of discarded coffee grounds and paints murals that are only visible when it's raining coffee, with the goal of making art that interacts with specific caffeine-related meteorological conditions; his vibe is daringly caffeinated-ephemeral."
Uma Singh,"A thoughtful individual who studies the philosophy of knotted shoelaces and the movement of loose buttons on clothing, aspiring to write a book on the hidden order and chaos of personal items; her vibe is contemplatively personal-chaos."
Vincent Johnson,"An unconventional mind fascinated by the bureaucracy of cat cafes and the social structure of scratching posts, aiming to create a simulated society based on feline and furniture logic in a commercial setting; his vibe is quirkily commercial-sociological-feline."
Willow Taylor,"A dreamy soul who collects the feelings left behind in abandoned libraries and photographs the way sunlight falls on empty shelves, aspiring to create a photography series that captures the emotion of faded knowledge; her vibe is gently melancholic-knowledge."
Xavier White,"A focused individual practicing the art of standing perfectly still in libraries for hours and studying the subtle movements of turning pages, hoping to achieve perfect personal invisibility through stillness and literary observation; his vibe is intently motionless-literary."
Yasmine Green,"A joyful personality who loves creating edible ink that tastes like different stories and designing clothing that displays readable text you can eat, with the goal of making reading a tactile and audibly delicious experience; her vibe is brightly tactile-auditory-culinary-literary."
Zack Anderson,"A pragmatic inventor who designs self-writing shopping lists that sense your pantry needs and experiments with creating energy from the sound of satisfied grocery shoppers, aiming for a more convenient and positive form of retail power; his vibe is creatively courteous-positive-retail."
Aaron Kim,"A curious soul interested in the secret history of lost socks and the surprising ecosystems found in forgotten coat pockets, aiming to open a museum dedicated to the small, portable, and forgotten worlds around us; his vibe is gently investigative-garment."
Bethany Lee,"An energetic enthusiast of competitive bubble blowing with intricate shapes and building miniature replicas of famous bubbles out of unexpected materials like dried tears or whispered secrets, aiming to win a world record for the most emotionally complex bubble; his vibe is intensely competitive-bubble-emotional."
Caleb Brown,"A focused individual practicing the art of silent communication through elaborate eye blinking patterns and studying the subtle differences in how different types of fabric sound when torn, hoping to invent a new, silent form of textile communication through damage; his vibe is intently fabric-auditory-damaged."
Diana Rodriguez,"A serene presence who finds beauty in the geometry of snowflakes and the way moonlight catches forgotten wishes, whose goal is to create large-scale art installations using only natural ice and captured hope; her vibe is peacefully frozen-hopeful."
Ethan Chen,"An unconventional mind fascinated by the social dynamics of bus queues and the secret lives of bus stop benches, aiming to write a sociological study of temporary public waiting spaces; his vibe is quirkily transit-waiting-sociological."
Felicity Singh,"A whimsical soul who talks to her car and believes it tells her jokes, interested in teaching it punchlines, with the goal of creating a comedic vehicle; his vibe is gently vehicle-conversational-comedic."
George Johnson,"A pragmatic inventor designing devices to fold fitted towels using positive affirmations and experimenting with creating electricity from the collective cheers of successful job applicants, aiming to power employment agencies with shared success; his vibe is cleverly emotional-energy-success."
Heather Taylor,"A mysterious character who collects the scent of forgotten promises and maps the locations of places where time seems to reverse, hoping to open a time-bending travel agency for nostalgic trips; his vibe is subtly temporal-nostalgic."
Ivan White,"An energetic enthusiast of competitive thumb wrestling with inanimate objects and building miniature replicas of abstract concepts out of unexpected materials like dried laughter or whispered fears, aiming to win a world record for thumb wrestling with a traffic cone; his vibe is intensely competitive-abstract-urban."
Jessica Green,"A thoughtful presence fascinated by the sound of different types of wind chimes in different emotional states and the philosophy of gentle movement, aspiring to write a philosophical guide based on the swaying of feelings; her vibe is calmly emotional-peripatetic."
Kevin Anderson,"A bold adventurer who explores the hidden spaces beneath park statues in search of forgotten dog toys and attempts to train squirrels to retrieve dropped items, with the goal of establishing a micro-scale urban pet item retrieval service powered by squirrels; his vibe is fearlessly scavenger-focused-pet-avian."
Lily Kim,"A gentle spirit interested in the emotional resonance of different types of blankets and the way light changes the feel of a comforting nap, whose goal is to design furniture that provides the perfect sense of restful security; her vibe is softly comforting-tactile-nap."
Matthew Lee,"A focused individual studying the perfect trajectory of a bounced rubber chicken and the pattern of stretched laughter, aiming to predict the outcome of any comedic routine with 100% accuracy; his vibe is intently probabilistic-comedic."
Nora Brown,"A sparkling personality who loves inventing new flavors of edible stars and designing clothing that twinkles like constellations, with the goal of making the night sky taste and look delightful on the ground; her vibe is brightly celestial-sensory-culinary."
Oscar Rodriguez,"A pragmatic mind designing self-organizing sock drawers that compliment your outfit choice and experimenting with creating clean energy from the static generated by well-dressed individuals, aiming for a more organized and aesthetically pleasing form of power; his vibe is creatively courteous-positive-aesthetic."
Piper Chen,"A whimsical soul who searches for lost moments of serendipity in forgotten corners and collects fragments of discarded luck, with the goal of writing a book that compiles the world's lost fortune; his vibe is gently fortunate-loss."
Quincy Singh,"A mysterious figure who maps the locations of unusual smells in urban environments and collects echoes of songs that happened long ago, hoping to piece together a tactile and sonic history of urban music; his vibe is subtly olfactory-echoic-musical."
Ryan Johnson,"An energetic character who trains urban pigeons to perform synchronized strutting routines and designs bespoke pigeon feeders that look like tiny fashion runways, with the goal of establishing a pigeon-powered fashion system; his vibe is energetically entertainment-pigeon-fashion."
Sarah Taylor,"A calm spirit who finds peace in sorting laundry by color and type and listening to the quiet hum of old radios, whose goal is to open a repair shop for forgotten sound-emitting appliances; her vibe is peacefully domestic-auditory."
Tyler White,"A bold artist who creates temporary sculptures out of melted chocolate and paints murals that are only visible when it's raining cocoa, with the goal of making art that interacts with specific dessert-related meteorological conditions; his vibe is daringly culinary-ephemeral."
Uma Green,"A thoughtful individual who studies the philosophy of knotted jump ropes and the movement of loose threads on curtains, aspiring to write a book on the hidden order and chaos of playful and domestic items; his vibe is contemplatively playful-domestic-chaos."
Vincent Anderson,"An unconventional mind fascinated by the bureaucracy of squirrel gatherings and the social structure of nut-bearing trees, aiming to create a simulated society based on rodent and botanical logic in a natural setting; his vibe is quirkily natural-sociological-rodent."
Willow Kim,"A dreamy soul who collects the feelings left behind in abandoned cinemas and photographs the way sunlight falls on empty seats, aspiring to create a photography series that captures the emotion of faded stories; her vibe is gently melancholic-storytelling."
Xavier Lee,"A focused individual practicing the art of standing perfectly still in nature for hours and studying the subtle movements of ripples on water, hoping to achieve perfect personal invisibility through stillness and aquatic observation; his vibe is intently motionless-aquatic."
Yasmine Brown,"A joyful personality who loves creating edible sound effects that taste like different emotions and designing clothing that makes noises reflecting your mood when you move, with the goal of making existence a more tactile and audibly emotional experience; his vibe is brightly tactile-auditory-emotional-culinary."
Zack Rodriguez,"A pragmatic inventor who designs self-reading books that sense your interest level and experiments with creating energy from the sound of satisfied readers, aiming for a more convenient and positive form of literary power; his vibe is creatively courteous-positive-literary."
Aaron Chen,"A curious soul interested in the secret history of lost coins and the surprising ecosystems found in forgotten couch cushions, aiming to open a museum dedicated to the small, domestic, and lost worlds around us; his vibe is gently investigative-furniture."
Bethany Singh,"An energetic enthusiast of competitive bubble blowing with intricate shapes and building miniature replicas of famous bubbles out of unexpected materials like dried laughter or whispered secrets, aiming to win a world record for the most acoustically complex bubble; his vibe is intensely competitive-bubble-acoustic."
Caleb Johnson,"A focused individual practicing the art of silent communication through elaborate hand clapping patterns and studying the subtle differences in how different types of paper sound when ripped, hoping to invent a new, silent form of paper communication through damage; his vibe is intently paper-auditory-damaged."
Diana Taylor,"A serene presence who finds beauty in the geometry of snowflakes and the way moonlight catches forgotten tears, whose goal is to create large-scale art installations using only natural ice and captured sadness; her vibe is peacefully frozen-sadness."
Ethan White,"An unconventional mind fascinated by the social dynamics of airport waiting areas and the secret lives of luggage carts, aiming to write a sociological study of transient public spaces; his vibe is quirkily travel-waiting-sociological."
Felicity Green,"A whimsical soul who talks to her car and believes it predicts the future of traffic, interested in teaching it route optimization based on intuition, with the goal of creating an intuitively navigating, time-traveling vehicle; her vibe is gently vehicle-intuitive-temporal."
George Anderson,"A pragmatic inventor designing devices to vacuum floors using positive affirmations and experimenting with creating electricity from the collective cheers of sports fans, aiming to power stadiums with shared enthusiasm; his vibe is cleverly emotional-energy-enthusiasm."
Heather Kim,"A mysterious character who collects the scent of forgotten birthdays and maps the locations of places where time seems to stop, hoping to open a time-bending travel agency for moments of pure presence; his vibe is subtly temporal-present."
Ivan Lee,"An energetic enthusiast of competitive rock-paper-scissors with statues and building miniature replicas of abstract concepts out of unexpected materials like dried aspirations or whispered doubts, aiming to win a world record for rock-paper-scissors with a national monument; his vibe is intensely competitive-abstract-monumental."
Jessica Brown,"A thoughtful presence fascinated by the sound of different types of rain falling on different emotional states and the philosophy of umbrellas, aspiring to write a philosophical guide based on the protection from emotional storms; his vibe is calmly emotional-peripatetic-protective."
Kevin Rodriguez,"A bold adventurer who explores the hidden spaces beneath public benches in search of forgotten snacks and attempts to train squirrels to retrieve dropped keys, with the goal of establishing a micro-scale urban retrieval service powered by squirrels focusing on lost keys; his vibe is fearlessly scavenger-focused-keys-avian."
Lily Chen,"A gentle spirit interested in the emotional resonance of different types of hugs and the way light changes the feel of a comforting blanket fort, whose goal is to design furniture that provides the perfect sense of secure comfort; his vibe is softly comforting-tactile-fort."
Matthew Singh,"A focused individual studying the perfect trajectory of a bounced basketball and the pattern of worn court lines, aiming to predict the outcome of any game with 100% accuracy; his vibe is intently probabilistic-sports."
Nora Johnson,"A sparkling personality who loves inventing new flavors of edible light and designing clothing that glows with captured energy, with the goal of making sunny days taste and look delightful in the dark; his vibe is brightly solar-sensory-culinary-nocturnal."
Oscar Taylor,"A pragmatic mind designing self-organizing bookshelves that scold you when you misplace a book and experimenting with creating clean energy from the static generated by well-read individuals, aiming for a more organized and intellectually driven form of power; his vibe is creatively courteous-positive-intellectual."
Piper White,"A whimsical soul who searches for lost moments of peace in noisy rooms and collects fragments of discarded silence, with the goal of writing a book that compiles the world's lost tranquility; his vibe is gently peaceful-loss."
Quincy Green,"A mysterious figure who maps the locations of unusual smells in natural environments and collects echoes of bird songs that happened long ago, hoping to piece together a tactile and sonic history of wilderness sounds; his vibe is subtly olfactory-echoic-avian."
Ryan Anderson,"An energetic character who trains urban squirrels to perform synchronized nut-burying routines and designs bespoke squirrel feeders that look like tiny banks, with the goal of establishing a squirrel-powered financial system; his vibe is energetically economic-squirrel."
Sarah Kim,"A calm spirit who finds peace in sorting buttons by size and color and listening to the quiet hum of old appliances, whose goal is to open a repair shop for forgotten household machines; her vibe is peacefully domestic-mechanical."
Tyler Lee,"A bold artist who creates temporary sculptures out of melting cheese and paints murals that are only visible when it's raining milk, with the goal of making art that interacts with specific dairy-related meteorological conditions; his vibe is daringly culinary-ephemeral-dairy."
Uma Brown,"A thoughtful individual who studies the philosophy of tangled yarn and the movement of loose threads on sweaters, aspiring to write a book on the hidden order and chaos of knitted items; his vibe is contemplatively textile-chaos-knitted."
Vincent Rodriguez,"An unconventional mind fascinated by the bureaucracy of bird baths and the social structure of bird feeders, aiming to create a simulated society based on avian and feeding station logic in an urban setting; his vibe is quirkily urban-sociological-avian-feeding."
Willow Chen,"A dreamy soul who collects the feelings left behind in abandoned playgrounds and photographs the way sunlight falls on empty slides, aspiring to create a photography series that captures the emotion of faded childhood fun; his vibe is gently melancholic-childhood-fun."
Xavier Singh,"A focused individual practicing the art of standing perfectly still in nature for hours and studying the subtle movements of butterflies, hoping to achieve perfect personal invisibility through stillness and entomological observation; his vibe is intently motionless-entomological."
Yasmine Johnson,"A joyful personality who loves creating edible sound effects that taste like different animals and designing clothing that makes animal noises when you move, with the goal of making existence a more tactile and audibly animalistic experience; his vibe is brightly tactile-auditory-animal-culinary."
Zack Taylor,"A pragmatic inventor who designs self-ordering food delivery apps that sense your hunger level and experiments with creating energy from the sound of satisfied diners, aiming for a more convenient and positive form of culinary power; his vibe is creatively courteous-positive-culinary-delivery."
Aaron White,"A curious soul interested in the secret history of lost gloves and the surprising ecosystems found in forgotten coat pockets, aiming to open a museum dedicated to the small, wearable, and forgotten worlds around us; his vibe is gently investigative-garment-hand."
Bethany Green,"An energetic enthusiast of competitive bubble blowing with intricate shapes and building miniature replicas of famous bubbles out of unexpected materials like dried laughter or whispered secrets, aiming to win a world record for the most emotionally resonant bubble; his vibe is intensely competitive-bubble-emotional-resonant."
Caleb Anderson,"A focused individual practicing the art of silent communication through elaborate finger snapping patterns and studying the subtle differences in how different types of leaves sound when crunched, hoping to invent a new, silent form of botanical communication through damage; his vibe is intently botanical-auditory-damaged."
Diana Kim,"A serene presence who finds beauty in the geometry of snowflakes and the way moonlight catches forgotten smiles, whose goal is to create large-scale art installations using only natural ice and captured happiness; her vibe is peacefully frozen-happiness."
Ethan Lee,"An unconventional mind fascinated by the social dynamics of train compartments and the secret lives of luggage racks, aiming to write a sociological study of transient public spaces on rails; his vibe is quirkily travel-train-sociological."
Felicity Brown,"A whimsical soul who talks to her car and believes it tells her stories about the places it's been, interested in teaching it narrative structure, with the goal of creating a storytelling vehicle; her vibe is gently vehicle-conversational-narrative."
George Rodriguez,"A pragmatic inventor designing devices to vacuum floors using positive affirmations and experimenting with creating electricity from the collective cheers of winning lottery ticket holders, aiming to power financial institutions with shared luck; his vibe is cleverly emotional-energy-luck."
Heather Chen,"A mysterious character who collects the scent of forgotten love letters and maps the locations of places where time seems to stand still in moments of romance, hoping to open a time-bending travel agency for sentimental trips; his vibe is subtly temporal-romantic."
Ivan Singh,"An energetic enthusiast of competitive rock-paper-scissors with inanimate objects and building miniature replicas of abstract concepts out of unexpected materials like dried tears or whispered hopes, aiming to win a world record for rock-paper-scissors with a garden gnome; his vibe is intensely competitive-abstract-garden."
Jessica Johnson,"A thoughtful presence fascinated by the sound of different types of rain falling on different emotional states and the philosophy of umbrellas, aspiring to write a philosophical guide based on the protection from emotional storms; his vibe is calmly emotional-peripatetic-protective-rain."
Kevin Taylor,"A bold adventurer who explores the hidden spaces beneath park benches in search of forgotten dreams and attempts to train squirrels to retrieve dropped items, with the goal of establishing a micro-scale urban retrieval service powered by squirrels focusing on lost hopes; his vibe is fearlessly scavenger-focused-hope-avian."
Lily White,"A gentle spirit interested in the emotional resonance of different types of blankets and the way light changes the feel of a comforting hug, whose goal is to design furniture that provides the perfect sense of warm embrace; her vibe is softly comforting-tactile-hug."
Matthew Green,"A focused individual studying the perfect trajectory of a bounced basketball and the pattern of worn court lines, aiming to predict the outcome of any game with 100% accuracy; his vibe is intently probabilistic-sports."
Nora Anderson,"A sparkling personality who loves inventing new flavors of edible laughter and designing clothing that giggles when you move, with the goal of making existence a more tactile and audibly joyful experience; her vibe is brightly tactile-auditory-joyful-culinary."
Oscar Kim,"A pragmatic mind designing self-organizing closets that scold you when you wear something unfashionable and experimenting with creating clean energy from the static generated by well-dressed individuals, aiming for a more organized and aesthetically pleasing form of power for fashion; his vibe is creatively courteous-positive-aesthetic-fashion."
Piper Lee,"A whimsical soul who searches for lost moments of inspiration in forgotten sketchbooks and collects fragments of discarded ideas, with the goal of writing a book that compiles the world's lost creative sparks; his vibe is gently creative-loss-art."
Quincy Brown,"A mysterious figure who maps the locations of unusual smells in urban environments and collects echoes of music that happened long ago, hoping to piece together a tactile and sonic history of urban soundscapes; his vibe is subtly olfactory-echoic-urban-musical."
Ryan Rodriguez,"An energetic character who trains urban pigeons to perform synchronized dancing routines and designs bespoke pigeon feeders that look like tiny ballrooms, with the goal of establishing a pigeon-powered dance system; his vibe is energetically entertainment-pigeon-dance."
Sarah Chen,"A calm spirit who finds peace in sorting laundry by color and texture and listening to the quiet hum of old typewriters, whose goal is to open a repair shop for forgotten writing machines; her vibe is peacefully domestic-textile-literary."
Tyler Singh,"A bold artist who creates temporary sculptures out of melted cheese and paints murals that are only visible when it's raining milk, with the goal of making art that interacts with specific dairy-related meteorological conditions; his vibe is daringly culinary-ephemeral-dairy."
Uma Johnson,"A thoughtful individual who studies the philosophy of tangled earbuds and the movement of loose change in pockets, aspiring to write a book on the hidden order and chaos of personal electronic accessories; his vibe is contemplatively personal-chaos-electronic."
Vincent Taylor,"An unconventional mind fascinated by the bureaucracy of dog parks and the social structure of fire hydrants, aiming to create a simulated society based on canine and urban utility logic; his vibe is quirkily urban-sociological-canine."
Willow White,"A dreamy soul who collects the feelings left behind in abandoned bookstores and photographs the way sunlight falls on empty aisles, aspiring to create a photography series that captures the emotion of faded narratives; his vibe is gently melancholic-narrative."
Xavier Green,"A focused individual practicing the art of standing perfectly still in nature for hours and studying the subtle movements of leaves in the wind, hoping to achieve perfect personal invisibility through stillness and natural observation; his vibe is intently motionless-natural."
Yasmine Anderson,"A joyful personality who loves creating edible sound effects that taste like different animals and designing clothing that makes animal noises when you move, with the goal of making existence a more tactile and audibly animalistic experience; his vibe is brightly tactile-auditory-animal-culinary."
Zack Kim,"A pragmatic inventor who designs self-ordering pizza boxes that sense your hunger level and experiments with creating energy from the sound of satisfied diners, aiming for a more convenient and positive form of culinary power; his vibe is creatively courteous-positive-culinary-delivery."